{
    "accuracy": 0.9945054945054945,
    "classification_report": {
        "neutral": {
            "precision": 0.9945054945054945,
            "recall": 1.0,
            "f1-score": 0.9972451790633609,
            "support": 543.0
        },
        "positive": {
            "precision": 0.0,
            "recall": 0.0,
            "f1-score": 0.0,
            "support": 3.0
        },
        "accuracy": 0.9945054945054945,
        "macro avg": {
            "precision": 0.49725274725274726,
            "recall": 0.5,
            "f1-score": 0.4986225895316804,
            "support": 546.0
        },
        "weighted avg": {
            "precision": 0.9890411786016181,
            "recall": 0.9945054945054945,
            "f1-score": 0.9917658099476281,
            "support": 546.0
        }
    },
    "confusion_matrix": [
        [
            543,
            0
        ],
        [
            3,
            0
        ]
    ],
    "model_classes": [
        "neutral",
        "positive"
    ],
    "roc_curve": {
        "fpr": [
            0.0,
            0.007366482504604052,
            0.011049723756906077,
            0.2596685082872928,
            0.39594843462246776,
            0.49355432780847147,
            0.5506445672191529,
            0.5948434622467772,
            0.6408839779005525,
            0.6648250460405156,
            0.6758747697974218,
            0.6887661141804788,
            0.6961325966850829,
            0.7108655616942909,
            0.7458563535911602,
            0.7569060773480663,
            0.7753222836095764,
            0.7808471454880295,
            0.8121546961325967,
            0.852670349907919,
            0.861878453038674,
            0.8950276243093923,
            0.9060773480662984,
            0.9226519337016574,
            0.9337016574585635,
            0.9502762430939227,
            0.9723756906077348,
            1.0
        ],
        "tpr": [
            0.0,
            0.0,
            0.0,
            0.3333333333333333,
            0.6666666666666666,
            1.0,
            1.0,
            1.0,
            1.0,
            1.0,
            1.0,
            1.0,
            1.0,
            1.0,
            1.0,
            1.0,
            1.0,
            1.0,
            1.0,
            1.0,
            1.0,
            1.0,
            1.0,
            1.0,
            1.0,
            1.0,
            1.0,
            1.0
        ],
        "auc": 0.6973603437691835
    }
}